{"cameraMode":{"drawMode":0,"name":"Shaded","section":"Shading Mode"},"sceneLighting":false,"audioPlay":false,"sceneViewState":{"showFog":true,"showMaterialUpdate":false,"showSkybox":false,"showFlares":true,"showImageEffects":true,"showParticleSystems":true},"in2DMode":false,"pivot":{"x":0.035741329193115237,"y":2.571075677871704,"z":0.17371368408203126},"rotation":{"x":-0.07861905544996262,"y":-0.9202666282653809,"z":0.2940698564052582,"w":-0.24586839973926545},"size":21.4154109954834,"orthographic":false}