{"cameraMode":{"drawMode":0,"name":"Shaded","section":"Shading Mode"},"sceneLighting":true,"audioPlay":false,"sceneViewState":{"showFog":true,"showMaterialUpdate":false,"showSkybox":false,"showFlares":true,"showImageEffects":true,"showParticleSystems":true},"in2DMode":false,"pivot":{"x":0.7700004577636719,"y":3.9099998474121095,"z":-0.14999961853027345},"rotation":{"x":0.136840358376503,"y":0.8430319428443909,"z":-0.25414153933525088,"w":0.4538545608520508},"size":4074.494384765625,"orthographic":false}